city,province,lat,lng
Kabupaten Aceh Selatan,Aceh,,
Kabupaten Aceh Tenggara,Aceh,,
Kabupaten Aceh Timur,Aceh,,
Kabupaten Aceh Tengah,Aceh,,
Kabupaten Aceh Barat,Aceh,,
Kabupaten Aceh Besar,Aceh,,
Kabupaten Pidie,Aceh,,
Kabupaten Aceh Utara,Aceh,,
Kabupaten Simeulue,Aceh,,
Kabupaten Aceh Singkil,Aceh,,
Kabupaten Bireuen,Aceh,,
Kabupaten Aceh Barat Daya,Aceh,,
Kabupaten Gayo Lues,Aceh,,
Kabupaten Aceh Jaya,Aceh,,
Kabupaten Nagan Raya,Aceh,,
Kabupaten Aceh Tamiang,Aceh,,
Kabupaten Bener Meriah,Aceh,,
Kabupaten Pidie Jaya,Aceh,,
Kota Banda Aceh,Aceh,5.54167,95.33333
Kota Sabang,Aceh,5.88969,95.31644
Kota Lhokseumawe,Aceh,5.1801,97.1507
Kota Langsa,Aceh,,
Kota Subulussalam,Aceh,,
Kabupaten Tapanuli Tengah,Sumatera Utara,,
Kabupaten Tapanuli Utara,Sumatera Utara,,
Kabupaten Tapanuli Selatan,Sumatera Utara,,
Kabupaten Nias,Sumatera Utara,,
Kabupaten Langkat,Sumatera Utara,,
Kabupaten Karo,Sumatera Utara,,
Kabupaten Deli Serdang,Sumatera Utara,,
Kabupaten Simalungun,Sumatera Utara,,
Kabupaten Asahan,Sumatera Utara,,
Kabupaten Labuhanbatu,Sumatera Utara,,
Kabupaten Dairi,Sumatera Utara,,
Kabupaten Toba,Sumatera Utara,,
Kabupaten Mandailing Natal,Sumatera Utara,,
Kabupaten Nias Selatan,Sumatera Utara,,
Kabupaten Pakpak Bharat,Sumatera Utara,,
Kabupaten Humbang Hasundutan,Sumatera Utara,,
Kabupaten Samosir,Sumatera Utara,,
Kabupaten Serdang Bedagai,Sumatera Utara,,
Kabupaten Batu Bara,Sumatera Utara,,
Kabupaten Padang Lawas Utara,Sumatera Utara,,
Kabupaten Padang Lawas,Sumatera Utara,,
Kabupaten Labuhanbatu Selatan,Sumatera Utara,,
Kabupaten Labuhanbatu Utara,Sumatera Utara,,
Kabupaten Nias Utara,Sumatera Utara,,
Kabupaten Nias Barat,Sumatera Utara,,
Kota Medan,Sumatera Utara,3.58333,98.66667
Kota Pematangsiantar,Sumatera Utara,,
Kota Sibolga,Sumatera Utara,1.74016,98.78117
Kota Tanjungbalai,Sumatera Utara,,
Kota Binjai,Sumatera Utara,3.6001,98.4854
Kota Tebing Tinggi,Sumatera Utara,,
Kota Padangsidimpuan,Sumatera Utara,,
Kota Gunungsitoli,Sumatera Utara,,
Kabupaten Pesisir Selatan,Sumatera Barat,,
Kabupaten Solok,Sumatera Barat,,
Kabupaten Sijunjung,Sumatera Barat,,
Kabupaten Tanah Datar,Sumatera Barat,,
Kabupaten Padang Pariaman,Sumatera Barat,,
Kabupaten Agam,Sumatera Barat,,
Kabupaten Lima Puluh Kota,Sumatera Barat,,
Kabupaten Pasaman,Sumatera Barat,,
Kabupaten Kepulauan Mentawai,Sumatera Barat,,
Kabupaten Dharmasraya,Sumatera Barat,,
Kabupaten Solok Selatan,Sumatera Barat,,
Kabupaten Pasaman Barat,Sumatera Barat,,
Kota Padang,Sumatera Barat,-0.94924,100.35427
Kota Solok,Sumatera Barat,,
Kota Sawahlunto,Sumatera Barat,,
Kota Padang Panjang,Sumatera Barat,,
Kota Bukittinggi,Sumatera Barat,-0.30907,100.37055
Kota Payakumbuh,Sumatera Barat,-0.2159,100.6334
Kota Pariaman,Sumatera Barat,-0.61898,100.11997
Kabupaten Kampar,Riau,,
Kabupaten Indragiri Hulu,Riau,,
Kabupaten Bengkalis,Riau,,
Kabupaten Indragiri Hilir,Riau,,
Kabupaten Pelalawan,Riau,,
Kabupaten Rokan Hulu,Riau,,
Kabupaten Rokan Hilir,Riau,,
Kabupaten Siak,Riau,,
Kabupaten Kuantan Singingi,Riau,,
Kabupaten Kepulauan Meranti,Riau,,
Kota Pekanbaru,Riau,0.51667,101.44167
Kota Dumai,Riau,1.66711,101.44316
Kabupaten Kerinci,Jambi,,
Kabupaten Merangin,Jambi,,
Kabupaten Sarolangun,Jambi,,
Kabupaten Batanghari,Jambi,,
Kabupaten Muaro Jambi,Jambi,,
Kabupaten Tanjung Jabung Barat,Jambi,,
Kabupaten Tanjung Jabung Timur,Jambi,,
Kabupaten Bungo,Jambi,,
Kabupaten Tebo,Jambi,,
Kota Jambi,Jambi,,
Kota Sungai Penuh,Jambi,,
Kabupaten Ogan Komering Ulu,Sumatera Selatan,,
Kabupaten Ogan Komering Ilir,Sumatera Selatan,,
Kabupaten Muara Enim,Sumatera Selatan,,
Kabupaten Lahat,Sumatera Selatan,,
Kabupaten Musi Rawas,Sumatera Selatan,,
Kabupaten Musi Banyuasin,Sumatera Selatan,,
Kabupaten Banyuasin,Sumatera Selatan,,
Kabupaten Ogan Komering Ulu Timur,Sumatera Selatan,,
Kabupaten Ogan Komering Ulu Selatan,Sumatera Selatan,,
Kabupaten Ogan Ilir,Sumatera Selatan,,
Kabupaten Empat Lawang,Sumatera Selatan,,
Kabupaten Penukal Abab Lematang Ilir,Sumatera Selatan,,
Kabupaten Musi Rawas Utara,Sumatera Selatan,,
Kota Palembang,Sumatera Selatan,-2.91673,104.7458
Kota Pagar Alam,Sumatera Selatan,,
Kota Lubuk Linggau,Sumatera Selatan,,
Kota Prabumulih,Sumatera Selatan,,
Kabupaten Bengkulu Selatan,Bengkulu,,
Kabupaten Rejang Lebong,Bengkulu,,
Kabupaten Bengkulu Utara,Bengkulu,,
Kabupaten Kaur,Bengkulu,,
Kabupaten Seluma,Bengkulu,,
Kabupaten Mukomuko,Bengkulu,,
Kabupaten Lebong,Bengkulu,,
Kabupaten Kepahiang,Bengkulu,,
Kabupaten Bengkulu Tengah,Bengkulu,,
Kota Bengkulu,Bengkulu,,
Kabupaten Lampung Selatan,Lampung,,
Kabupaten Lampung Tengah,Lampung,,
Kabupaten Lampung Utara,Lampung,,
Kabupaten Lampung Barat,Lampung,,
Kabupaten Tulang Bawang,Lampung,,
Kabupaten Tanggamus,Lampung,,
Kabupaten Lampung Timur,Lampung,,
Kabupaten Way Kanan,Lampung,,
Kabupaten Pesawaran,Lampung,,
Kabupaten Pringsewu,Lampung,,
Kabupaten Mesuji,Lampung,,
Kabupaten Tulang Bawang Barat,Lampung,,
Kabupaten Pesisir Barat,Lampung,,
Kota Bandar Lampung,Lampung,,
Kota Metro,Lampung,-5.11306,105.30667
Kabupaten Bangka,Kepulauan Bangka Belitung,,
Kabupaten Belitung,Kepulauan Bangka Belitung,,
Kabupaten Bangka Selatan,Kepulauan Bangka Belitung,,
Kabupaten Bangka Tengah,Kepulauan Bangka Belitung,,
Kabupaten Bangka Barat,Kepulauan Bangka Belitung,,
Kabupaten Belitung Timur,Kepulauan Bangka Belitung,,
Kota Pangkal Pinang,Kepulauan Bangka Belitung,,
Kabupaten Bintan,Kepulauan Riau,,
Kabupaten Karimun,Kepulauan Riau,,
Kabupaten Natuna,Kepulauan Riau,,
Kabupaten Lingga,Kepulauan Riau,,
Kabupaten Kepulauan Anambas,Kepulauan Riau,,
Kota Batam,Kepulauan Riau,1.14937,104.02491
Kota Tanjung Pinang,Kepulauan Riau,,
Kabupaten Administrasi Kepulauan Seribu,DKI Jakarta,,
Kota Administrasi Jakarta Pusat,DKI Jakarta,,
Kota Administrasi Jakarta Utara ,DKI Jakarta,,
Kota Administrasi Jakarta Barat,DKI Jakarta,,
Kota Administrasi Jakarta Selatan,DKI Jakarta,,
Kota Administrasi Jakarta Timur,DKI Jakarta,,
Kabupaten Bogor,Jawa Barat,,
Kabupaten Sukabumi,Jawa Barat,,
Kabupaten Cianjur,Jawa Barat,,
Kabupaten Bandung,Jawa Barat,,
Kabupaten Garut,Jawa Barat,,
Kabupaten Tasikmalaya,Jawa Barat,,
Kabupaten Ciamis,Jawa Barat,,
Kabupaten Kuningan,Jawa Barat,,
Kabupaten Cirebon,Jawa Barat,,
Kabupaten Majalengka,Jawa Barat,,
Kabupaten Sumedang,Jawa Barat,,
Kabupaten Indramayu,Jawa Barat,,
Kabupaten Subang,Jawa Barat,,
Kabupaten Purwakarta,Jawa Barat,,
Kabupaten Karawang,Jawa Barat,,
Kabupaten Bekasi,Jawa Barat,,
Kabupaten Bandung Barat,Jawa Barat,,
Kabupaten Pangandaran,Jawa Barat,,
Kota Bogor,Jawa Barat,-6.59444,106.78917
Kota Sukabumi,Jawa Barat,-6.91806,106.92667
Kota Bandung,Jawa Barat,-6.92222,107.60694
Kota Cirebon,Jawa Barat,-6.7063,108.557
Kota Bekasi,Jawa Barat,-6.2349,106.9896
Kota Depok,Jawa Barat,-6.4,106.81861
Kota Cimahi,Jawa Barat,-6.87222,107.5425
Kota Tasikmalaya,Jawa Barat,-7.3274,108.2207
Kota Banjar,Jawa Barat,,
Kabupaten Cilacap,Jawa Tengah,,
Kabupaten Banyumas,Jawa Tengah,,
Kabupaten Purbalingga,Jawa Tengah,,
Kabupaten Banjarnegara,Jawa Tengah,,
Kabupaten Kebumen,Jawa Tengah,,
Kabupaten Purworejo,Jawa Tengah,,
Kabupaten Wonosobo,Jawa Tengah,,
Kabupaten Magelang,Jawa Tengah,,
Kabupaten Boyolali,Jawa Tengah,,
Kabupaten Klaten,Jawa Tengah,-7.70583,110.60639
Kabupaten Sukoharjo,Jawa Tengah,,
Kabupaten Wonogiri,Jawa Tengah,,
Kabupaten Karanganyar,Jawa Tengah,,
Kabupaten Sragen,Jawa Tengah,,
Kabupaten Grobogan,Jawa Tengah,,
Kabupaten Blora,Jawa Tengah,,
Kabupaten Rembang,Jawa Tengah,,
Kabupaten Pati,Jawa Tengah,,
Kabupaten Kudus,Jawa Tengah,,
Kabupaten Jepara,Jawa Tengah,,
Kabupaten Demak,Jawa Tengah,,
Kabupaten Semarang,Jawa Tengah,,
Kabupaten Temanggung,Jawa Tengah,,
Kabupaten Kendal,Jawa Tengah,,
Kabupaten Batang,Jawa Tengah,,
Kabupaten Pekalongan,Jawa Tengah,,
Kabupaten Pemalang,Jawa Tengah,,
Kabupaten Tegal,Jawa Tengah,,
Kabupaten Brebes,Jawa Tengah,,
Kota Magelang,Jawa Tengah,-7.47056,110.21778
Kota Surakarta,Jawa Tengah,-7.55611,110.83167
Kota Salatiga,Jawa Tengah,,
Kota Semarang,Jawa Tengah,-6.99306,110.42083
Kota Pekalongan,Jawa Tengah,-6.8886,109.6753
Kota Tegal,Jawa Tengah,-6.8694,109.1402
Kabupaten Kulon Progo,Daerah Istimewa Yogyakarta,,
Kabupaten Bantul,Daerah Istimewa Yogyakarta,,
Kabupaten Gunungkidul,Daerah Istimewa Yogyakarta,,
Kabupaten Sleman,Daerah Istimewa Yogyakarta,,
Kota Yogyakarta,Daerah Istimewa Yogyakarta,,
Kabupaten Pacitan,Jawa Timur,,
Kabupaten Ponorogo,Jawa Timur,,
Kabupaten Trenggalek,Jawa Timur,,
Kabupaten Tulungagung,Jawa Timur,,
Kabupaten Blitar,Jawa Timur,,
Kabupaten Kediri,Jawa Timur,,
Kabupaten Malang,Jawa Timur,-7.9797,112.6304
Kabupaten Lumajang,Jawa Timur,-8.1335,113.2248
Kabupaten Jember,Jawa Timur,,
Kabupaten Banyuwangi,Jawa Timur,,
Kabupaten Bondowoso,Jawa Timur,,
Kabupaten Situbondo,Jawa Timur,,
Kabupaten Probolinggo,Jawa Timur,,
Kabupaten Pasuruan,Jawa Timur,,
Kabupaten Sidoarjo,Jawa Timur,,
Kabupaten Mojokerto,Jawa Timur,,
Kabupaten Jombang,Jawa Timur,,
Kabupaten Nganjuk,Jawa Timur,,
Kabupaten Madiun,Jawa Timur,,
Kabupaten Magetan,Jawa Timur,,
Kabupaten Ngawi,Jawa Timur,,
Kabupaten Bojonegoro,Jawa Timur,,
Kabupaten Tuban,Jawa Timur,,
Kabupaten Lamongan,Jawa Timur,,
Kabupaten Gresik,Jawa Timur,,
Kabupaten Bangkalan,Jawa Timur,,
Kabupaten Sampang,Jawa Timur,,
Kabupaten Pamekasan,Jawa Timur,,
Kabupaten Sumenep,Jawa Timur,,
Kota Kediri,Jawa Timur,-7.81667,112.01667
Kota Blitar,Jawa Timur,-8.0983,112.1681
Kota Malang,Jawa Timur,,
Kota Probolinggo,Jawa Timur,-7.7543,113.2159
Kota Pasuruan,Jawa Timur,-7.6453,112.9075
Kota Mojokerto,Jawa Timur,-7.4664,112.4338
Kota Madiun,Jawa Timur,-7.6298,111.5239
Kota Surabaya,Jawa Timur,-7.24917,112.75083
Kota Batu,Jawa Timur,-7.87,112.52833
Kabupaten Pandeglang,Banten,,
Kabupaten Lebak,Banten,,
Kabupaten Tangerang,Banten,,
Kabupaten Serang,Banten,-6.11528,106.15417
Kota Tangerang,Banten,-6.17806,106.63
Kota Cilegon,Banten,,
Kota Serang,Banten,,
Kota Tangerang Selatan,Banten,,
Kabupaten Jembrana,Bali,,
Kabupaten Tabanan,Bali,,
Kabupaten Badung,Bali,,
Kabupaten Gianyar,Bali,,
Kabupaten Klungkung,Bali,,
Kabupaten Bangli,Bali,,
Kabupaten Karangasem,Bali,,
Kabupaten Buleleng,Bali,,
Kota Denpasar,Bali,-8.65,115.21667
Kabupaten Lombok Barat,Nusa Tenggara Barat,,
Kabupaten Lombok Tengah,Nusa Tenggara Barat,,
Kabupaten Lombok Timur,Nusa Tenggara Barat,,
Kabupaten Sumbawa,Nusa Tenggara Barat,,
Kabupaten Dompu,Nusa Tenggara Barat,,
Kabupaten Bima,Nusa Tenggara Barat,,
Kabupaten Sumbawa Barat,Nusa Tenggara Barat,,
Kabupaten Lombok Utara,Nusa Tenggara Barat,,
Kota Mataram,Nusa Tenggara Barat,-8.58333,116.11667
Kota Bima,Nusa Tenggara Barat,,
Kabupaten Kupang,Nusa Tenggara Timur,,
Kabupaten Timor Tengah Selatan,Nusa Tenggara Timur,,
Kabupaten Timor Tengah Utara,Nusa Tenggara Timur,,
Kabupaten Belu,Nusa Tenggara Timur,,
Kabupaten Alor,Nusa Tenggara Timur,,
Kabupaten Flores Timur,Nusa Tenggara Timur,,
Kabupaten Sikka,Nusa Tenggara Timur,,
Kabupaten Ende,Nusa Tenggara Timur,,
Kabupaten Ngada,Nusa Tenggara Timur,,
Kabupaten Manggarai,Nusa Tenggara Timur,,
Kabupaten Sumba Timur,Nusa Tenggara Timur,,
Kabupaten Sumba Barat,Nusa Tenggara Timur,,
Kabupaten Lembata,Nusa Tenggara Timur,,
Kabupaten Rote Ndao,Nusa Tenggara Timur,,
Kabupaten Manggarai Barat,Nusa Tenggara Timur,,
Kabupaten Nagekeo,Nusa Tenggara Timur,,
Kabupaten Sumba Tengah,Nusa Tenggara Timur,,
Kabupaten Sumba Barat Daya,Nusa Tenggara Timur,,
Kabupaten Manggarai Timur,Nusa Tenggara Timur,,
Kabupaten Sabu Raijua,Nusa Tenggara Timur,,
Kabupaten Malaka,Nusa Tenggara Timur,,
Kota Kupang,Nusa Tenggara Timur,-10.17083,123.60694
Kabupaten Sambas,Kalimantan Barat,,
Kabupaten Mempawah,Kalimantan Barat,,
Kabupaten Sanggau,Kalimantan Barat,,
Kabupaten Ketapang,Kalimantan Barat,,
Kabupaten Sintang,Kalimantan Barat,,
Kabupaten Kapuas Hulu,Kalimantan Barat,,
Kabupaten Bengkayang,Kalimantan Barat,,
Kabupaten Landak,Kalimantan Barat,,
Kabupaten Sekadau,Kalimantan Barat,,
Kabupaten Melawi,Kalimantan Barat,,
Kabupaten Kayong Utara,Kalimantan Barat,,
Kabupaten Kubu Raya,Kalimantan Barat,,
Kota Pontianak,Kalimantan Barat,-0.03194,109.325
Kota Singkawang,Kalimantan Barat,,
Kabupaten Kotawaringin Barat,Kalimantan Tengah,,
Kabupaten Kotawaringin Timur,Kalimantan Tengah,,
Kabupaten Kapuas,Kalimantan Tengah,,
Kabupaten Barito Selatan,Kalimantan Tengah,,
Kabupaten Barito Utara,Kalimantan Tengah,,
Kabupaten Katingan,Kalimantan Tengah,,
Kabupaten Seruyan,Kalimantan Tengah,,
Kabupaten Sukamara,Kalimantan Tengah,,
Kabupaten Lamandau,Kalimantan Tengah,,
Kabupaten Gunung Mas,Kalimantan Tengah,,
Kabupaten Pulang Pisau,Kalimantan Tengah,,
Kabupaten Murung Raya,Kalimantan Tengah,,
Kabupaten Barito Timur,Kalimantan Tengah,,
Kota Palangkaraya,Kalimantan Tengah,,
Kabupaten Tanah Laut,Kalimantan Selatan,,
Kabupaten Kotabaru,Kalimantan Selatan,,
Kabupaten Banjar,Kalimantan Selatan,,
Kabupaten Barito Kuala,Kalimantan Selatan,,
Kabupaten Tapin,Kalimantan Selatan,,
Kabupaten Hulu Sungai Selatan,Kalimantan Selatan,,
Kabupaten Hulu Sungai Tengah,Kalimantan Selatan,,
Kabupaten Hulu Sungai Utara,Kalimantan Selatan,,
Kabupaten Tabalong,Kalimantan Selatan,,
Kabupaten Tanah Bumbu,Kalimantan Selatan,,
Kabupaten Balangan,Kalimantan Selatan,,
Kota Banjarmasin,Kalimantan Selatan,,
Kota Banjarbaru,Kalimantan Selatan,,
Kabupaten Paser,Kalimantan Timur,,
Kabupaten Kutai Kartanegara,Kalimantan Timur,,
Kabupaten Berau,Kalimantan Timur,,
Kabupaten Kutai Barat,Kalimantan Timur,,
Kabupaten Kutai Timur,Kalimantan Timur,,
Kabupaten Penajam Paser Utara,Kalimantan Timur,,
Kabupaten Mahakam Ulu,Kalimantan Timur,,
Kota Balikpapan,Kalimantan Timur,-1.26753,116.82887
Kota Samarinda,Kalimantan Timur,-0.49167,117.14583
Kota Bontang,Kalimantan Timur,0.1324,117.4854
Kabupaten Bulungan,Kalimantan Utara,,
Kabupaten Malinau,Kalimantan Utara,,
Kabupaten Nunukan,Kalimantan Utara,,
Kabupaten Tana Tidung,Kalimantan Utara,,
Kota Tarakan,Kalimantan Utara,3.31332,117.59152
Kabupaten Bolaang Mongondow,Sulawesi Utara,,
Kabupaten Minahasa,Sulawesi Utara,,
Kabupaten Kepulauan Sangihe,Sulawesi Utara,,
Kabupaten Kepulauan Talaud,Sulawesi Utara,,
Kabupaten Minahasa Selatan,Sulawesi Utara,,
Kabupaten Minahasa Utara,Sulawesi Utara,,
Kabupaten Minahasa Tenggara,Sulawesi Utara,,
Kabupaten Bolaang Mongondow Utara,Sulawesi Utara,,
Kabupaten Kep. Siau Tagulandang Biaro,Sulawesi Utara,,
Kabupaten Bolaang Mongondow Timur,Sulawesi Utara,,
Kabupaten Bolaang Mongondow Selatan,Sulawesi Utara,,
Kota Manado,Sulawesi Utara,1.48218,124.84892
Kota Bitung,Sulawesi Utara,1.44059,125.12824
Kota Tomohon,Sulawesi Utara,,
Kota Kotamobagu,Sulawesi Utara,,
Kabupaten Banggai,Sulawesi Tengah,,
Kabupaten Poso,Sulawesi Tengah,,
Kabupaten Donggala,Sulawesi Tengah,,
Kabupaten Toli-Toli,Sulawesi Tengah,,
Kabupaten Buol,Sulawesi Tengah,,
Kabupaten Morowali,Sulawesi Tengah,,
Kabupaten Banggai Kepulauan,Sulawesi Tengah,,
Kabupaten Parigi Moutong,Sulawesi Tengah,,
Kabupaten Tojo Una Una,Sulawesi Tengah,,
Kabupaten Sigi,Sulawesi Tengah,,
Kabupaten Banggai Laut,Sulawesi Tengah,,
Kabupaten Morowali Utara,Sulawesi Tengah,,
Kota Palu,Sulawesi Tengah,-0.90833,119.87083
Kabupaten Kepulauan Selayar,Sulawesi Selatan,,
Kabupaten Bulukumba,Sulawesi Selatan,,
Kabupaten Bantaeng,Sulawesi Selatan,,
Kabupaten Jeneponto,Sulawesi Selatan,,
Kabupaten Takalar,Sulawesi Selatan,,
Kabupaten Gowa,Sulawesi Selatan,,
Kabupaten Sinjai,Sulawesi Selatan,,
Kabupaten Bone,Sulawesi Selatan,,
Kabupaten Maros,Sulawesi Selatan,,
Kabupaten Pangkajene dan Kepulauan,Sulawesi Selatan,,
Kabupaten Barru,Sulawesi Selatan,,
Kabupaten Soppeng,Sulawesi Selatan,,
Kabupaten Wajo,Sulawesi Selatan,,
Kabupaten Sidenreng Rappang,Sulawesi Selatan,,
Kabupaten Pinrang,Sulawesi Selatan,,
Kabupaten Enrekang,Sulawesi Selatan,,
Kabupaten Luwu,Sulawesi Selatan,,
Kabupaten Tana Toraja,Sulawesi Selatan,,
Kabupaten Luwu Utara,Sulawesi Selatan,,
Kabupaten Luwu Timur,Sulawesi Selatan,,
Kabupaten Toraja Utara,Sulawesi Selatan,,
Kota Makassar,Sulawesi Selatan,-5.14861,119.43194
Kota Parepare,Sulawesi Selatan,,
Kota Palopo,Sulawesi Selatan,,
Kabupaten Kolaka,Sulawesi Tenggara,,
Kabupaten Konawe,Sulawesi Tenggara,,
Kabupaten Muna,Sulawesi Tenggara,,
Kabupaten Buton,Sulawesi Tenggara,,
Kabupaten Konawe Selatan,Sulawesi Tenggara,,
Kabupaten Bombana,Sulawesi Tenggara,,
Kabupaten Wakatobi,Sulawesi Tenggara,,
Kabupaten Kolaka Utara,Sulawesi Tenggara,,
Kabupaten Konawe Utara,Sulawesi Tenggara,,
Kabupaten Buton Utara,Sulawesi Tenggara,,
Kabupaten Kolaka Timur,Sulawesi Tenggara,,
Kabupaten Konawe Kepulauan,Sulawesi Tenggara,,
Kabupaten Muna Barat,Sulawesi Tenggara,,
Kabupaten Buton Tengah,Sulawesi Tenggara,,
Kabupaten Buton Selatan,Sulawesi Tenggara,,
Kota Kendari,Sulawesi Tenggara,-3.9778,122.51507
Kota Bau Bau,Sulawesi Tenggara,,
Kabupaten Gorontalo,Gorontalo,,
Kabupaten Boalemo,Gorontalo,,
Kabupaten Bone Bolango,Gorontalo,,
Kabupaten Pohuwato,Gorontalo,,
Kabupaten Gorontalo Utara,Gorontalo,,
Kota Gorontalo,Gorontalo,,
Kabupaten Pasangkayu,Sulawesi Barat,,
Kabupaten Mamuju,Sulawesi Barat,,
Kabupaten Mamasa,Sulawesi Barat,,
Kabupaten Polewali Mandar,Sulawesi Barat,,
Kabupaten Majene,Sulawesi Barat,,
Kabupaten Mamuju Tengah,Sulawesi Barat,,
Kabupaten Maluku Tengah,Maluku,,
Kabupaten Maluku Tenggara,Maluku,,
Kabupaten Kepulauan Tanimbar,Maluku,,
Kabupaten Buru,Maluku,,
Kabupaten Seram Bagian Timur,Maluku,,
Kabupaten Seram Bagian Barat,Maluku,,
Kabupaten Kepulauan Aru,Maluku,,
Kabupaten Maluku Barat Daya,Maluku,,
Kabupaten Buru Selatan,Maluku,,
Kota Ambon,Maluku,-3.69583,128.18333
Kota Tual,Maluku,,
Kabupaten Halmahera Barat,Maluku Utara,,
Kabupaten Halmahera Tengah,Maluku Utara,,
Kabupaten Halmahera Utara,Maluku Utara,,
Kabupaten Halmahera Selatan,Maluku Utara,,
Kabupaten Kepulauan Sula,Maluku Utara,,
Kabupaten Halmahera Timur,Maluku Utara,,
Kabupaten Pulau Morotai,Maluku Utara,,
Kabupaten Pulau Taliabu,Maluku Utara,,
Kota Ternate,Maluku Utara,0.78333,127.36667
Kota Tidore Kepulauan,Maluku Utara,,
Kabupaten Jayapura,Papua,,
Kabupaten Kepulauan Yapen,Papua,,
Kabupaten Biak Numfor,Papua,,
Kabupaten Sarmi,Papua,,
Kabupaten Keerom,Papua,,
Kabupaten Waropen,Papua,,
Kabupaten Supiori,Papua,,
Kabupaten Mamberamo Raya,Papua,,
Kota Jayapura,Papua,-2.53371,140.71812
Kabupaten Manokwari,Papua Barat,,
Kabupaten Fak Fak,Papua Barat,,
Kabupaten Teluk Bintuni,Papua Barat,,
Kabupaten Teluk Wondama,Papua Barat,,
Kabupaten Kaimana,Papua Barat,,
Kabupaten Manokwari Selatan,Papua Barat,,
Kabupaten Pegunungan Arfak,Papua Barat,,
Kabupaten Merauke,Papua Selatan,,
Kabupaten Boven Digoel,Papua Selatan,,
Kabupaten Mappi,Papua Selatan,,
Kabupaten Asmat,Papua Selatan,,
Kabupaten Nabire,Papua Tengah,,
Kabupaten Puncak Jaya,Papua Tengah,,
Kabupaten Paniai,Papua Tengah,,
Kabupaten Mimika,Papua Tengah,,
Kabupaten Puncak,Papua Tengah,,
Kabupaten Dogiyai,Papua Tengah,,
Kabupaten Intan Jaya,Papua Tengah,,
Kabupaten Deiyai,Papua Tengah,,
Kabupaten Jayawijaya,Papua Pegunungan,,
Kabupaten Pegunungan Bintang,Papua Pegunungan,,
Kabupaten Yahukimo,Papua Pegunungan,,
Kabupaten Tolikara,Papua Pegunungan,,
Kabupaten Mamberamo Tengah,Papua Pegunungan,,
Kabupaten Yalimo,Papua Pegunungan,,
Kabupaten Lanny Jaya,Papua Pegunungan,,
Kabupaten Nduga,Papua Pegunungan,,
Kabupaten Sorong,Papua Barat Daya,,
Kabupaten Sorong Selatan,Papua Barat Daya,,
Kabupaten Raja Ampat,Papua Barat Daya,,
Kabupaten Tambrauw,Papua Barat Daya,,
Kabupaten Maybrat,Papua Barat Daya,,
Kota Sorong,Papua Barat Daya,-0.87956,131.26105
